map_name,corridor_width,density,n_scenarios,n_common,ils_speedup,ils_node_red,ils_opt,ils_solve_rate,ails_speedup,ails_node_red,ails_opt,ails_solve_rate
maze256-1-0,1,50.8%,20,9,0.47753283274359004,-105.3591448563807,1.0,45.0,0.42853542072168826,-122.99164959214441,1.0,50.0
maze256-2-0,2,33.9%,20,9,0.6477326840764492,-49.6994152166566,1.0,45.0,0.6271749982605217,-53.923988406747014,1.0,45.0
maze256-4-0,4,20.6%,20,7,0.5286066593440242,-73.88943620975323,1.0,40.0,0.5359152232334093,-64.14625408624781,1.0,35.0
maze256-8-0,8,13.9%,20,11,0.4218503655105693,-133.78311469184285,1.0,65.0,0.4569988785170498,-110.7918683632413,1.0,55.00000000000001
