lambd,n_valid,astar_time_ms,astar_nodes,astar_cost,astar_failures,jps_time_ms,jps_time_std,jps_nodes,jps_speedup,jps_node_red_pct,jps_cost_ratio,jps_exposure_ratio,jps_failures,ils_time_ms,ils_time_std,ils_nodes,ils_speedup,ils_node_red_pct,ils_cost_ratio,ils_exposure_ratio,ils_failures,ails_time_ms,ails_time_std,ails_nodes,ails_speedup,ails_node_red_pct,ails_cost_ratio,ails_exposure_ratio,ails_failures,rils_time_ms,rils_time_std,rils_nodes,rils_speedup,rils_node_red_pct,rils_cost_ratio,rils_exposure_ratio,rils_failures
0.0,100,43.90824372123461,9019.95,327.387793814432,3,74.59984746819828,127.08150024661883,348.14,0.5885835589670956,96.14033337213621,1.000000000000001,1.0579654882951557,3,68.44309285865165,404.1379979549239,11555.54,0.6415292162777289,-28.11090970570791,1.0017288995779654,0.9982055630001765,3,33.17608335695695,142.89616847222305,5538.02,1.3234908789203759,38.60254214269481,1.0044241489710368,0.9929122602405511,3,63.78160448977724,361.06702469426665,11555.54,0.6884154776675793,-28.11090970570791,1.0017288995779654,0.9982055630001765,3
0.5,100,134.39210951386485,20454.59,344.59893798828125,3,nan,,nan,nan,nan,nan,nan,nan,111.06822373054456,451.84915939036597,16311.9,1.2099960276658863,20.25310700434475,1.0029504549223163,1.0344141494545975,3,57.658449549926445,160.37156516805297,8331.68,2.330831136856962,59.26743092870598,1.0084289350040887,1.1004705454949346,3,212.33326421002857,960.6137702358402,29683.67,0.6329300781667985,-45.119848405663454,1.0000171805815503,1.0003590122131258,3
1.0,100,164.98418503964785,25865.15,359.99932861328125,3,nan,,nan,nan,nan,nan,nan,nan,112.77572251972742,436.62447184685306,16846.82,1.4629406165922618,34.866722211160585,1.0064667716360283,1.1336618411738064,3,61.862356265774,175.76048800826095,9050.23,2.6669560456255543,65.0099458151219,1.0145188496411381,1.2114606572627782,3,239.74767417123076,1045.7139233472521,32963.69,0.6881576040725805,-27.44441845494807,1.0001349557638404,1.007263869053205,3
