lambd,n_valid,astar_time_ms,astar_nodes,astar_cost,astar_failures,jps_time_ms,jps_time_std,jps_nodes,jps_speedup,jps_node_red_pct,jps_cost_ratio,jps_exposure_ratio,jps_failures,ils_time_ms,ils_time_std,ils_nodes,ils_speedup,ils_node_red_pct,ils_cost_ratio,ils_exposure_ratio,ils_failures,ails_time_ms,ails_time_std,ails_nodes,ails_speedup,ails_node_red_pct,ails_cost_ratio,ails_exposure_ratio,ails_failures,rils_time_ms,rils_time_std,rils_nodes,rils_speedup,rils_node_red_pct,rils_cost_ratio,rils_exposure_ratio,rils_failures
0.0,30,31.800640436510246,7079.933333333333,344.4325517241368,1,58.156959634895124,36.953079946198145,232.93333333333334,0.5468071342819879,96.70995018785487,1.000000000000001,1.0296191367584095,1,33.273808299175776,32.96378000050766,6799.833333333333,0.9557259016034536,3.9562519421086906,1.002819830397704,1.001536822831496,1,20.142936234090786,13.97200444122989,3694.766666666667,1.5787489999938267,47.81353873388638,1.0044114537614295,0.9995139944956201,1,33.589838938011475,33.772430001656716,6799.833333333333,0.946733936271528,3.9562519421086906,1.002819830397704,1.001536822831496,1
0.5,30,163.51849439767344,18052.966666666667,363.4846295137746,1,nan,,nan,nan,nan,nan,nan,nan,101.29616659833118,50.756594383643126,11588.333333333334,1.6142614265559714,35.80925757354747,1.0053833528444822,1.080433167700676,1,56.30212783871684,33.79169368093334,6278.0,2.904303987694546,65.22455219733045,1.0101829543345728,1.1427962186551626,1,163.0662901996402,84.80906855576023,17433.733333333334,1.0027731310835588,3.430091822396686,1.0000075286799883,1.0001487084693794,1
1.0,30,217.4483680680472,24092.433333333334,380.56303750079337,1,nan,,nan,nan,nan,nan,nan,nan,106.29070137025944,53.951670812828056,12163.866666666667,2.0457891919498623,49.51167240613581,1.0112186707046336,1.163546223306012,1,63.26035693346057,34.215855427274,7149.7,3.4373560094952813,70.32387762132785,1.0175275511842237,1.2083329081637473,1,198.5503611669022,103.3243195822624,21457.366666666665,1.095179917024977,10.937320569528753,1.0001648245507053,1.0185648902732412,1
