map_name,category,grid_size,density,n_scenarios,n_all_solved,astar_time_mean,astar_nodes_mean,ils_speedup,ils_node_red,ils_opt_mean,ils_opt_std,ils_solve_rate,ails_speedup,ails_node_red,ails_opt_mean,ails_opt_std,ails_solve_rate
lak303d,game,194x194,60.7%,100,58,22.465188983789695,5559.0344827586205,0.28800715568257845,-230.92914919484903,1.0,0.0,57.99999999999999,0.35168060410262353,-168.11961888693153,1.0006283875211612,0.0028939800232262226,88.0
den501d,game,320x338,75.5%,100,94,38.279528403128346,8675.989361702128,0.296971401883678,-233.7237889357152,1.0004763072784557,0.006616825333756479,94.0,0.37044232635608926,-162.8573845891633,1.000570425185515,0.006731749838338849,94.0
brc202d,game,530x481,83.1%,100,49,74.59167091767493,15682.632653061224,0.36542338345073033,-169.53981331226927,1.0,0.0,49.0,0.4678114304651117,-106.44414918882062,1.0,0.0,50.0
ost003d,game,194x194,64.9%,100,50,15.003448259667493,3583.04,0.2847563630776208,-231.50118335268374,1.0,0.0,50.0,0.32182819890777303,-197.25317049209613,1.0009335580669931,0.005574468865969213,50.0
random512-10-0,random,512x512,10.0%,100,100,31.627654179173987,6322.89,0.9352373182601457,0.07259338688480055,1.0,0.0,100.0,0.8930657833022246,4.151898894334716,1.0,1.631687946612622e-16,100.0
random512-20-0,random,512x512,20.2%,100,100,56.17657957074698,11385.11,0.9265079791354529,0.12173795422266709,1.0,0.0,100.0,0.8918760367439903,1.1073235129041348,1.0,0.0,100.0
random512-30-0,random,512x512,31.3%,100,100,81.25855878010043,17655.06,0.9495368762169197,1.3347448266955886,1.0,0.0,100.0,0.9295177871333009,1.6423053787412822,1.0,0.0,100.0
random512-40-0,random,512x512,60.0%,100,100,64.7063966600399,15751.68,1.101305118598793,12.511109926052333,1.0001010380466195,0.0007259566308564628,100.0,0.9416478761988758,5.434467942467092,1.0000054995967795,6.441805509534156e-05,100.0
