map_name,category,risk_type,lambda,n_common,astar_time,astar_nodes,ils_speedup,ils_node_red,ils_opt,ils_opt_std,ils_solve_rate,ails_speedup,ails_node_red,ails_opt,ails_opt_std,ails_solve_rate,rils_speedup,rils_node_red,rils_opt,rils_opt_std,rils_solve_rate
random512-20-0,random,gradient,0.5,10,522.2440666970215,83099.2,1.70505242547754,41.19173229104492,1.0,0.0,100.0,2.1778719542847305,51.90483181546875,1.0,0.0,100.0,1.111636212908653,11.66088241523383,1.0,0.0,100.0
random512-20-0,random,gradient,1.0,10,782.4402333979378,117925.1,2.5709366911986566,56.665714084618116,1.0,0.0,100.0,3.017898017923993,64.95275390904905,1.0,0.0,100.0,1.3907374360250864,26.462898907866105,1.0,0.0,100.0
random512-20-0,random,hotspot,0.5,10,405.8438041029149,61593.6,1.41978560380829,26.95215087281795,1.0,0.0,100.0,1.753993917001033,39.619700748129674,1.0,0.0,100.0,1.1911776926874085,17.521138559850378,1.0,0.0,100.0
random512-20-0,random,hotspot,1.0,10,622.0581957997638,95799.2,2.008125166042514,49.357092752340314,1.0,0.0,100.0,2.4908900647280103,59.05748691012034,1.0005896,0.0011961107,100.0,1.558800079921584,34.23431510910321,1.0,0.0,100.0
random512-30-0,random,gradient,0.5,10,478.0351373992744,82016.8,1.9570054538643056,46.17297919450649,1.0,0.0,100.0,1.9231392723339735,46.84345158552882,1.0,0.0,100.0,1.0749438442716672,11.637737634240796,1.0,0.0,100.0
random512-30-0,random,gradient,1.0,10,643.3055580986547,112927.0,2.68210962528299,59.57211295792857,1.0,0.0,100.0,2.615550203399047,60.001239738946396,1.0000254,7.62105e-05,100.0,1.4053357797966208,29.23729488961896,1.0,0.0,100.0
random512-30-0,random,hotspot,0.5,10,260.0965000980068,45183.5,1.2781188303533988,25.432956720926892,1.0,0.0,100.0,1.3636764609159342,26.805139044120086,1.0,0.0,100.0,1.1086406249958467,11.821572034038974,1.0,0.0,100.0
random512-30-0,random,hotspot,1.0,10,354.4452710018959,59293.3,1.8347919969801978,41.12167816599852,1.0001291,0.00038752556,100.0,1.8644210424142091,42.480347695270794,1.0001291,0.00038752556,100.0,1.2885995192891186,19.255969898791257,1.0,0.0,100.0
