map_name,corridor_width,density,n_scenarios,n_common,ils_speedup,ils_node_red,ils_opt,ils_solve_rate,ails_speedup,ails_node_red,ails_opt,ails_solve_rate
maze256-1-0,1,50.8%,20,9,0.4674250857302549,-105.3591448563807,1.0,45.0,0.4321982726772669,-122.99164959214441,1.0,50.0
maze256-2-0,2,33.9%,20,9,0.6661593259055031,-49.6994152166566,1.0,45.0,0.6138793984239223,-53.923988406747014,1.0,45.0
maze256-4-0,4,20.6%,20,7,0.5561694173429461,-73.88943620975323,1.0,40.0,0.5826246411396282,-64.14625408624781,1.0,35.0
maze256-8-0,8,13.9%,20,11,0.42536869842198943,-133.78311469184285,1.0,65.0,0.45568461356125206,-110.7918683632413,1.0,55.00000000000001
