map_name,category,risk_type,lambda,n_common,astar_time,astar_nodes,ils_speedup,ils_node_red,ils_opt,ils_opt_std,ils_solve_rate,ails_speedup,ails_node_red,ails_opt,ails_opt_std,ails_solve_rate,rils_speedup,rils_node_red,rils_opt,rils_opt_std,rils_solve_rate
random512-20-0,random,gradient,0.5,10,724.603570997715,83099.0,1.7891663398043696,41.19159075319799,1.0,0.0,100.0,2.16931610738744,51.904716061565125,1.0,0.0,100.0,1.114260807639169,11.660910480270525,1.0,0.0,100.0
random512-20-0,random,gradient,1.0,10,1093.7598582007922,117924.7,2.4875281532682814,56.66556709493431,1.0,0.0,100.0,3.1513916963126754,64.9526350289634,1.0,0.0,100.0,1.4003657644920207,26.462734270258892,1.0,0.0,100.0
random512-20-0,random,hotspot,0.5,10,549.2803791887127,61593.8,1.37541360226893,26.95157629501671,1.0,0.0,100.0,1.7071613012492726,39.619085037779776,1.0,0.0,100.0,1.1607225688598866,17.52075695930435,1.0,0.0,100.0
random512-20-0,random,hotspot,1.0,10,868.9277209050488,95798.2,2.0500346295520653,49.357607971757304,1.0,0.0,100.0,2.558668678352914,59.05820777425881,1.0005895093168309,0.0011960463048369598,100.0,1.578675188576253,34.23467246774992,1.0,0.0,100.0
random512-30-0,random,gradient,0.5,10,650.0969000859186,82016.6,1.9251297584864515,46.17284793566181,1.0,0.0,100.0,1.932898647912663,46.84332196165166,1.0,0.0,100.0,1.125404067839435,11.637766013221729,1.0,0.0,100.0
random512-30-0,random,gradient,1.0,10,925.6558082066476,112926.7,2.63977630322138,59.572005557587346,1.0,0.0,100.0,2.6596781768511812,60.00113347861931,1.0000253975124904,7.619253747126464e-05,100.0,1.4119362739873407,29.237106902087817,1.0,0.0,100.0
random512-30-0,random,hotspot,0.5,10,373.3422458113637,45164.4,1.3343625590977193,25.44371230438133,1.0,0.0,100.0,1.3507498368985138,26.81647492272675,1.0,0.0,100.0,1.0662479505993587,11.826571370371353,1.0,0.0,100.0
random512-30-0,random,hotspot,1.0,10,497.62613320490345,59277.1,1.8000607455028386,41.13241032371692,1.0001291924347322,0.0003875773041967179,100.0,1.8262222660472558,42.4912824682719,1.0001291924347322,0.0003875773041967179,100.0,1.243021505731564,19.26072631758301,1.0,0.0,100.0
