map_name,category,grid_size,density,n_scenarios,n_all_solved,astar_time_mean,astar_nodes_mean,ils_speedup,ils_node_red,ils_opt_mean,ils_opt_std,ils_solve_rate,ails_speedup,ails_node_red,ails_opt_mean,ails_opt_std,ails_solve_rate
lak303d,game,194x194,60.7%,100,58,24.11872204613936,5559.0344827586205,0.2997625496821968,-230.92914919484903,1.0,0.0,57.99999999999999,0.3571943851783153,-168.11961888693153,1.0006283875211612,0.0028939800232262226,88.0
den501d,game,320x338,75.5%,100,94,36.64289013002107,8675.989361702128,0.28757382573444357,-233.7237889357152,1.0004763072784557,0.006616825333756479,94.0,0.35509378520902257,-162.8573845891633,1.000570425185515,0.006731749838338849,94.0
brc202d,game,530x481,83.1%,100,49,78.71938603858901,15682.632653061224,0.3696602649274581,-169.53981331226927,1.0,0.0,49.0,0.45607944818671425,-106.44414918882062,1.0,0.0,50.0
ost003d,game,194x194,64.9%,100,50,14.900865902891383,3583.04,0.2877764568162711,-231.50118335268374,1.0,0.0,50.0,0.31557015015063655,-197.25317049209613,1.0009335580669931,0.005574468865969213,50.0
random512-10-0,random,512x512,10.0%,100,100,31.965511659509502,6322.89,0.937215116640432,0.07259338688480055,1.0,0.0,100.0,0.8633456121616131,4.151898894334716,1.0,1.631687946612622e-16,100.0
random512-20-0,random,512x512,20.2%,100,100,58.053295011632144,11385.11,0.9473053565799071,0.12173795422266709,1.0,0.0,100.0,0.8962635382376648,1.1073235129041348,1.0,0.0,100.0
random512-30-0,random,512x512,31.3%,100,100,85.27726669854019,17655.06,0.9921810307903505,1.3347448266955886,1.0,0.0,100.0,0.8989571369383192,1.6423053787412822,1.0,0.0,100.0
random512-40-0,random,512x512,60.0%,100,100,69.60288336034864,15751.68,1.0959117095916855,12.511109926052333,1.0001010380466195,0.0007259566308564628,100.0,0.975234108342439,5.434467942467092,1.0000054995967795,6.441805509534156e-05,100.0
