density,n_valid,astar_time_ms,ils_time_ms,jps_time_ms,astar_nodes,ils_nodes,jps_nodes,ils_node_red_pct,jps_node_red_pct,ils_opt_ratio,t_ils,p_ils,d_ils,t_jps,p_jps,d_jps
0.1,100,7.596907449187711,8.645674910512753,12.949903741828166,1464.77,1463.65,1070.63,0.07646251629948031,26.90797872703563,1.0,1.0000000000000002,0.31974847413930163,0.10050378152592122,28.580188409245032,1.2633408477694188e-49,2.872417011852428
0.2,100,14.846178261796013,10.853479526704177,21.039214517804794,3046.04,2177.98,2265.49,28.497984268098907,25.62507386639703,1.0002618738154592,25.33036402395058,4.7019518749924693e-45,2.5457973718351834,53.27896077981431,1.0672760068827981e-74,5.354737034142583
0.3,100,19.840902880532667,9.32074542157352,27.043760458473116,4500.72,2075.55,3276.09,53.884045219431556,27.20964645656695,1.0026390367418265,47.19004898200242,1.1219125829229417e-69,4.7427783730846915,62.294451576892016,3.1643476679866254e-81,6.2608279515610334
