density,n_valid,astar_replan_time_ms,ails_replan_time_ms,astar_replan_nodes,ails_replan_nodes,node_reduction_pct,speedup,t_statistic,p_value,cohens_d
0.1,128,3.6259996709304687,4.474938766179548,779.78125,765.390625,1.8454694826273377,0.8102903437103663,1.1311157684790327,0.26013780559996325,0.10037029400630797
0.2,128,5.958526438917033,6.9923290830047335,1319.8203125,1245.7265625,5.6139270852447964,0.8521518893324946,8.213620217510092,2.1049979249125448e-13,0.7288409365879376
0.3,128,8.17378157944404,8.79166374761553,1912.1640625,1736.421875,9.190748374918801,0.9297195404750241,13.203511782057062,1.3730741261269936e-25,1.1716222126960687
