density,n_valid,astar_time_mean,astar_time_std,dstar_time_mean,dstar_time_std,ils_time_mean,ils_time_std,dstar_speedup,ils_speedup,astar_nodes_mean,astar_nodes_std,dstar_nodes_mean,dstar_nodes_std,ils_nodes_mean,ils_nodes_std,dstar_node_red_pct,ils_node_red_pct,dstar_opt_mean,dstar_opt_std,ils_opt_mean,ils_opt_std
0.1,83,3.5056345394801305,1.0090264817907812,38.28412654503888,13.2400676833568,4.09990363664566,1.1362261574882222,0.09156887869326132,0.8550529110357991,774.6987951807229,227.2002842094881,918.8192771084338,335.1504993056655,774.6987951807229,227.2002842094881,-18.603421461897373,0.0,1.0001106172227276,0.0010016815547087316,1.0,0.0
0.2,74,5.9479425135823725,1.7251698313367478,29.352924449847556,15.250440948366064,6.550654808273287,1.7313792551479978,0.20263543156475036,0.9079920538738041,1315.418918918919,316.44394023018407,691.1486486486486,367.16308505287685,1297.972972972973,301.08092813549445,47.45790571290618,1.3262653969036808,1.0007217143750098,0.0026015607189830256,1.0000427361273132,0.00036513763182606686
0.3,69,7.670036881514218,1.6564511411342144,24.731056158181172,15.500322036744738,7.026205304166491,1.2063070798452604,0.3101378619843911,1.0916329013281094,1887.7101449275362,401.6413787216767,607.5072463768116,394.40213962507283,1551.072463768116,236.91518207010535,67.8177686331112,17.8331234837085,1.0008624018563865,0.0034068159648334797,1.0016655415540965,0.005685134612033857
