density,n_missions,astar_success_rate,ils_success_rate,astar_mean_replans,ils_mean_replans,astar_mean_total_nodes,ils_mean_total_nodes,node_reduction_pct,astar_mean_total_time_ms,ils_mean_total_time_ms,time_ratio,mean_path_ratio,max_path_ratio,t_statistic,p_value,cohens_d
0.1,60,0.7666666666666667,0.8333333333333334,10.333333333333334,10.716666666666667,6975.416666666667,7150.783333333334,-2.514067260020303,34.24102962599136,41.71580984063136,1.2182989324878861,1.5116243181902127,11.053386233891306,-0.8211410052248315,0.41487164137480437,-0.10690345323191981
0.2,60,0.6833333333333333,0.7166666666666667,10.483333333333333,10.916666666666666,12360.65,12447.316666666668,-0.7011497507547482,55.214661758509465,61.35768144061634,1.111257037287929,1.2763273427926818,5.674380358474565,-0.20134520992450622,0.8411212145055172,-0.026212913611276832
0.3,60,0.6,0.7333333333333333,10.583333333333334,11.433333333333334,18158.65,15877.983333333334,12.55967082721825,75.06128336050703,70.82547492755111,0.9435686649186102,1.6834114400319513,11.835550123940244,3.4663590363573267,0.000990335522149994,0.4512815080118983
